[
{
    "model": "core.autor",
    "pk": 1,
    "fields": {
        "nome": "Robert C. Martin",
        "email": "unclebob@altabooks.com.br"
    }
},
{
    "model": "core.autor",
    "pk": 2,
    "fields": {
        "nome": "J. R. R. Tolkien",
        "email": "jrrtolkien@oxford.uk"
    }
},
{
    "model": "core.autor",
    "pk": 3,
    "fields": {
        "nome": "C. S. Lewis",
        "email": "cslewis@oxford.uk"
    }
},
{
    "model": "core.autor",
    "pk": 4,
    "fields": {
        "nome": "Agatha Chistie",
        "email": "achristie@lpm.com.br"
    }
},
{
    "model": "core.autor",
    "pk": 5,
    "fields": {
        "nome": "Rick Riordan",
        "email": "rickriordan@gmail.com"
    }
},
{
    "model": "core.autor",
    "pk": 6,
    "fields": {
        "nome": "João Guimarães Rosa",
        "email": null
    }
},
{
    "model": "core.autor",
    "pk": 7,
    "fields": {
        "nome": "George R. R. Martin",
        "email": "naotemumemail@hotmail.com"
    }
},
{
    "model": "core.autor",
    "pk": 8,
    "fields": {
        "nome": "Fiódor Dostoiévski",
        "email": null
    }
},
{
    "model": "core.autor",
    "pk": 9,
    "fields": {
        "nome": "Oscar Wilde",
        "email": null
    }
},
{
    "model": "core.autor",
    "pk": 10,
    "fields": {
        "nome": "Bell Hooks",
        "email": null
    }
},
{
    "model": "core.autor",
    "pk": 11,
    "fields": {
        "nome": "Colleen Houck",
        "email": null
    }
},
{
    "model": "core.autor",
    "pk": 12,
    "fields": {
        "nome": "Philip K. Dick",
        "email": null
    }
},
{
    "model": "core.autor",
    "pk": 13,
    "fields": {
        "nome": "Marv Wolfman",
        "email": "marv.wolfman@gmail.com"
    }
},
{
    "model": "core.autor",
    "pk": 14,
    "fields": {
        "nome": "Oliver Bowden",
        "email": "oliverbowden@gmail.com"
    }
},
{
    "model": "core.autor",
    "pk": 15,
    "fields": {
        "nome": "Geoff Johns",
        "email": "geoff.johns@gmail.com"
    }
},
{
    "model": "core.autor",
    "pk": 16,
    "fields": {
        "nome": "Richard Donner",
        "email": "richard.donner@gmail.com"
    }
},
{
    "model": "core.autor",
    "pk": 17,
    "fields": {
        "nome": "Adam Kubert",
        "email": "adam.kubert@gmail.com"
    }
},
{
    "model": "core.autor",
    "pk": 18,
    "fields": {
        "nome": "Brian Azzarello",
        "email": "brian.azzarello@gmail.com"
    }
},
{
    "model": "core.autor",
    "pk": 19,
    "fields": {
        "nome": "Jim Lee",
        "email": "jim.lee@gmail.com"
    }
},
{
    "model": "core.autor",
    "pk": 20,
    "fields": {
        "nome": "Mark Millar",
        "email": "mark.millar@gmail.com"
    }
},
{
    "model": "core.autor",
    "pk": 21,
    "fields": {
        "nome": "Dave Johnson",
        "email": "dave.johnson@gmail.com"
    }
},
{
    "model": "core.autor",
    "pk": 22,
    "fields": {
        "nome": "Kilian Plunkett",
        "email": "kilian.plunkett@gmail.com"
    }
},
{
    "model": "core.autor",
    "pk": 23,
    "fields": {
        "nome": "Cecily von Ziegesar",
        "email": null
    }
},
{
    "model": "core.autor",
    "pk": 24,
    "fields": {
        "nome": "Jeff Kinney",
        "email": null
    }
},
{
    "model": "core.autor",
    "pk": 25,
    "fields": {
        "nome": "Tom King",
        "email": "tom.king@gmail.com"
    }
},
{
    "model": "core.autor",
    "pk": 26,
    "fields": {
        "nome": "Andy Kubert",
        "email": "andy.kubert@gmail.com"
    }
},
{
    "model": "core.autor",
    "pk": 27,
    "fields": {
        "nome": "Bernard Cornwell",
        "email": null
    }
},
{
    "model": "core.autor",
    "pk": 28,
    "fields": {
        "nome": "Sandra Hope",
        "email": "sandra.hope@gmail.com"
    }
},
{
    "model": "core.autor",
    "pk": 29,
    "fields": {
        "nome": "Augusto Cury",
        "email": null
    }
},
{
    "model": "core.autor",
    "pk": 30,
    "fields": {
        "nome": "Brad Anderson",
        "email": "brad.anderson@gmail.com"
    }
},
{
    "model": "core.autor",
    "pk": 31,
    "fields": {
        "nome": "Marcelo Marques Gomes",
        "email": "marcelogomes@gmail.com"
    }
},
{
    "model": "core.autor",
    "pk": 32,
    "fields": {
        "nome": "Ciranda Cultural",
        "email": "falecom@cirandacultural.com.br"
    }
},
{
    "model": "core.autor",
    "pk": 33,
    "fields": {
        "nome": "Philip K Dick",
        "email": null
    }
},
{
    "model": "core.autor",
    "pk": 34,
    "fields": {
        "nome": "Douglas Adams",
        "email": null
    }
},
{
    "model": "core.autor",
    "pk": 35,
    "fields": {
        "nome": "Paula Pimenta",
        "email": "paulapimenta@gmail.com"
    }
},
{
    "model": "core.autor",
    "pk": 36,
    "fields": {
        "nome": "Thomas Nield",
        "email": "thomasnield@gmail.com"
    }
},
{
    "model": "core.autor",
    "pk": 37,
    "fields": {
        "nome": "George Orwell",
        "email": null
    }
},
{
    "model": "core.autor",
    "pk": 38,
    "fields": {
        "nome": "Daniel Kraus",
        "email": null
    }
},
{
    "model": "core.autor",
    "pk": 39,
    "fields": {
        "nome": "Edgar Allan Poe",
        "email": null
    }
},
{
    "model": "core.autor",
    "pk": 40,
    "fields": {
        "nome": "Rick J. Scavetta",
        "email": "rickscavetta@gmail.com"
    }
},
{
    "model": "core.autor",
    "pk": 41,
    "fields": {
        "nome": "Cathy Tanimura",
        "email": "cathytanimura@gmail.com"
    }
},
{
    "model": "core.autor",
    "pk": 42,
    "fields": {
        "nome": "Veronica Roth",
        "email": null
    }
},
{
    "model": "core.autor",
    "pk": 43,
    "fields": {
        "nome": "Julio Verne",
        "email": "julioverne@gmail.com"
    }
},
{
    "model": "core.autor",
    "pk": 44,
    "fields": {
        "nome": "Edécio Fernando Iepsen",
        "email": "edeciolepsen@gmail.com"
    }
},
{
    "model": "core.autor",
    "pk": 45,
    "fields": {
        "nome": "Daniel J. Barrett",
        "email": "danielbarrett@gmail.com"
    }
},
{
    "model": "core.autor",
    "pk": 46,
    "fields": {
        "nome": "Abel Ferreira",
        "email": "abelzinhoSEP@gmail.com"
    }
},
{
    "model": "core.autor",
    "pk": 47,
    "fields": {
        "nome": "Franz Kafka",
        "email": null
    }
},
{
    "model": "core.autor",
    "pk": 48,
    "fields": {
        "nome": "Neal Shusterman",
        "email": "nealshusterman@gmail.com"
    }
},
{
    "model": "core.autor",
    "pk": 49,
    "fields": {
        "nome": "Charlie Donlea",
        "email": null
    }
},
{
    "model": "core.autor",
    "pk": 51,
    "fields": {
        "nome": "H. P. Lovecraft",
        "email": null
    }
},
{
    "model": "core.autor",
    "pk": 52,
    "fields": {
        "nome": "Aldous Leonard Huxley",
        "email": null
    }
},
{
    "model": "core.autor",
    "pk": 53,
    "fields": {
        "nome": "Phil Knight",
        "email": "philknight@nike.com"
    }
},
{
    "model": "core.autor",
    "pk": 54,
    "fields": {
        "nome": "Howard Schultz",
        "email": "howard@starbucks.com"
    }
},
{
    "model": "core.autor",
    "pk": 55,
    "fields": {
        "nome": "Antoine de Saint-Exupéry",
        "email": null
    }
},
{
    "model": "core.autor",
    "pk": 56,
    "fields": {
        "nome": "Marco Aurélio",
        "email": null
    }
},
{
    "model": "core.autor",
    "pk": 57,
    "fields": {
        "nome": "Hal Elrod",
        "email": null
    }
},
{
    "model": "core.autor",
    "pk": 58,
    "fields": {
        "nome": "William Golding",
        "email": null
    }
},
{
    "model": "core.autor",
    "pk": 59,
    "fields": {
        "nome": "Anthony Burgess",
        "email": null
    }
},
{
    "model": "core.autor",
    "pk": 60,
    "fields": {
        "nome": "Karl Marx",
        "email": null
    }
},
{
    "model": "core.categoria",
    "pk": 1,
    "fields": {
        "descricao": "Engenharia de Software"
    }
},
{
    "model": "core.categoria",
    "pk": 2,
    "fields": {
        "descricao": "Fantasia"
    }
},
{
    "model": "core.categoria",
    "pk": 3,
    "fields": {
        "descricao": "Policial"
    }
},
{
    "model": "core.categoria",
    "pk": 4,
    "fields": {
        "descricao": "Javascript"
    }
},
{
    "model": "core.categoria",
    "pk": 6,
    "fields": {
        "descricao": "Aventura"
    }
},
{
    "model": "core.categoria",
    "pk": 7,
    "fields": {
        "descricao": "Contos"
    }
},
{
    "model": "core.categoria",
    "pk": 8,
    "fields": {
        "descricao": "Clássico"
    }
},
{
    "model": "core.categoria",
    "pk": 9,
    "fields": {
        "descricao": "Literatura Gótica"
    }
},
{
    "model": "core.categoria",
    "pk": 10,
    "fields": {
        "descricao": "Ciências Sociais"
    }
},
{
    "model": "core.categoria",
    "pk": 11,
    "fields": {
        "descricao": "Ficção Científica"
    }
},
{
    "model": "core.categoria",
    "pk": 12,
    "fields": {
        "descricao": "História em Quadrinhos"
    }
},
{
    "model": "core.categoria",
    "pk": 13,
    "fields": {
        "descricao": "Ficção"
    }
},
{
    "model": "core.categoria",
    "pk": 14,
    "fields": {
        "descricao": "Drama adolescente"
    }
},
{
    "model": "core.categoria",
    "pk": 15,
    "fields": {
        "descricao": "Romance Historico"
    }
},
{
    "model": "core.categoria",
    "pk": 16,
    "fields": {
        "descricao": "Programação"
    }
},
{
    "model": "core.categoria",
    "pk": 17,
    "fields": {
        "descricao": "Infantil"
    }
},
{
    "model": "core.categoria",
    "pk": 18,
    "fields": {
        "descricao": "SQL"
    }
},
{
    "model": "core.categoria",
    "pk": 19,
    "fields": {
        "descricao": "Distopia"
    }
},
{
    "model": "core.categoria",
    "pk": 20,
    "fields": {
        "descricao": "Python"
    }
},
{
    "model": "core.categoria",
    "pk": 21,
    "fields": {
        "descricao": "Biografia"
    }
},
{
    "model": "core.categoria",
    "pk": 22,
    "fields": {
        "descricao": "Religioso"
    }
},
{
    "model": "core.categoria",
    "pk": 23,
    "fields": {
        "descricao": "Linux"
    }
},
{
    "model": "core.categoria",
    "pk": 24,
    "fields": {
        "descricao": "Literatura Infantil"
    }
},
{
    "model": "core.categoria",
    "pk": 25,
    "fields": {
        "descricao": "Desenvolvimento Pessoal"
    }
},
{
    "model": "core.categoria",
    "pk": 26,
    "fields": {
        "descricao": "Sociologia"
    }
},
{
    "model": "core.editora",
    "pk": 1,
    "fields": {
        "nome": "Alta Books",
        "site": "http://altabooks.com.br"
    }
},
{
    "model": "core.editora",
    "pk": 2,
    "fields": {
        "nome": "Record",
        "site": "http://record.com.br"
    }
},
{
    "model": "core.editora",
    "pk": 3,
    "fields": {
        "nome": "Martins Fontes",
        "site": "http://martinsfontes.com.br"
    }
},
{
    "model": "core.editora",
    "pk": 4,
    "fields": {
        "nome": "LPM",
        "site": "http://lpm.com.br"
    }
},
{
    "model": "core.editora",
    "pk": 5,
    "fields": {
        "nome": "Companhia das Letras",
        "site": null
    }
},
{
    "model": "core.editora",
    "pk": 6,
    "fields": {
        "nome": "Suma",
        "site": "https://www.instagram.com/editorasuma/"
    }
},
{
    "model": "core.editora",
    "pk": 7,
    "fields": {
        "nome": "Intrínseca",
        "site": "https://www.intrinseca.com.br/"
    }
},
{
    "model": "core.editora",
    "pk": 8,
    "fields": {
        "nome": "Elefante",
        "site": null
    }
},
{
    "model": "core.editora",
    "pk": 9,
    "fields": {
        "nome": "Arqueiro",
        "site": "https://www.editoraarqueiro.com.br"
    }
},
{
    "model": "core.editora",
    "pk": 10,
    "fields": {
        "nome": "HarperCollins",
        "site": "https://harpercollins.com.br/"
    }
},
{
    "model": "core.editora",
    "pk": 11,
    "fields": {
        "nome": "Panini",
        "site": "https://panini.com.br/"
    }
},
{
    "model": "core.editora",
    "pk": 12,
    "fields": {
        "nome": "Amulet Books",
        "site": null
    }
},
{
    "model": "core.editora",
    "pk": 13,
    "fields": {
        "nome": "Saraiva",
        "site": null
    }
},
{
    "model": "core.editora",
    "pk": 14,
    "fields": {
        "nome": "Magalu",
        "site": "https://www.magazineluiza.com.br/livro-algoritmos-e-logica-da-programacao/p/dbhkj801ja/li/lgta/"
    }
},
{
    "model": "core.editora",
    "pk": 15,
    "fields": {
        "nome": "Ciranda Cultural",
        "site": "https://www.cirandacultural.com.br/"
    }
},
{
    "model": "core.editora",
    "pk": 16,
    "fields": {
        "nome": "Aleph",
        "site": null
    }
},
{
    "model": "core.editora",
    "pk": 17,
    "fields": {
        "nome": "Arqueiro",
        "site": null
    }
},
{
    "model": "core.editora",
    "pk": 18,
    "fields": {
        "nome": "Novatec Editora",
        "site": "https://www.novatec.com.br/"
    }
},
{
    "model": "core.editora",
    "pk": 19,
    "fields": {
        "nome": "Farol Literário",
        "site": "https://www.instagram.com/farolliterario/"
    }
},
{
    "model": "core.editora",
    "pk": 20,
    "fields": {
        "nome": "Gutenberg",
        "site": "http://Gutenberg.com.br"
    }
},
{
    "model": "core.editora",
    "pk": 21,
    "fields": {
        "nome": "Melhoramentos",
        "site": null
    }
},
{
    "model": "core.editora",
    "pk": 22,
    "fields": {
        "nome": "Thomas Nelson Brasil",
        "site": "http://ThomasNelson.com"
    }
},
{
    "model": "core.editora",
    "pk": 23,
    "fields": {
        "nome": "Rocco Jovens Leitores",
        "site": null
    }
},
{
    "model": "core.editora",
    "pk": 24,
    "fields": {
        "nome": "Montecristo Editora",
        "site": "https://montecristoeditora.com.br/"
    }
},
{
    "model": "core.editora",
    "pk": 25,
    "fields": {
        "nome": "Planeta Minotauro",
        "site": "https://www.planetadelivros.com.br/coleccion-planeta-minotauro/0057519996"
    }
},
{
    "model": "core.editora",
    "pk": 26,
    "fields": {
        "nome": "Seguinte",
        "site": "https://www.editoraseguinte.com.br/"
    }
},
{
    "model": "core.editora",
    "pk": 27,
    "fields": {
        "nome": "Faro Editorial",
        "site": null
    }
},
{
    "model": "core.editora",
    "pk": 28,
    "fields": {
        "nome": "Sextante",
        "site": "http://editorasextante@editora.com"
    }
},
{
    "model": "core.editora",
    "pk": 29,
    "fields": {
        "nome": "Darkside",
        "site": null
    }
},
{
    "model": "core.editora",
    "pk": 30,
    "fields": {
        "nome": "Biblioteca Azul",
        "site": null
    }
},
{
    "model": "core.editora",
    "pk": 31,
    "fields": {
        "nome": "Buzz",
        "site": "http://buzz@editora.com"
    }
},
{
    "model": "core.editora",
    "pk": 32,
    "fields": {
        "nome": "HarperCollins Brasil",
        "site": null
    }
},
{
    "model": "core.editora",
    "pk": 33,
    "fields": {
        "nome": "Edipro",
        "site": "http://edipro@editora.com"
    }
},
{
    "model": "core.editora",
    "pk": 34,
    "fields": {
        "nome": "Best Seller",
        "site": null
    }
},
{
    "model": "core.editora",
    "pk": 35,
    "fields": {
        "nome": "Quill Tree Books",
        "site": "https://www.storytel.com/in/en/publishers/10635-Quill-Tree-Books"
    }
},
{
    "model": "core.editora",
    "pk": 36,
    "fields": {
        "nome": "Alfaguara",
        "site": null
    }
},
{
    "model": "core.editora",
    "pk": 37,
    "fields": {
        "nome": "Veneta",
        "site": null
    }
},
{
    "model": "core.livro",
    "pk": 1,
    "fields": {
        "titulo": "O Código Limpo",
        "isbn": null,
        "quantidade": 34,
        "preco": "90.00",
        "categoria": 1,
        "editora": 1,
        "capa": 1,
        "autores": [
            1
        ]
    }
},
{
    "model": "core.livro",
    "pk": 2,
    "fields": {
        "titulo": "O Codificador Limpo",
        "isbn": null,
        "quantidade": 12,
        "preco": "12.00",
        "categoria": 1,
        "editora": 1,
        "capa": null,
        "autores": [
            1
        ]
    }
},
{
    "model": "core.livro",
    "pk": 3,
    "fields": {
        "titulo": "As Crônicas de Nárnia",
        "isbn": null,
        "quantidade": 34,
        "preco": "45.00",
        "categoria": 2,
        "editora": 3,
        "capa": null,
        "autores": [
            3
        ]
    }
},
{
    "model": "core.livro",
    "pk": 4,
    "fields": {
        "titulo": "O Senhor dos Anéis",
        "isbn": null,
        "quantidade": 657,
        "preco": "57.00",
        "categoria": 2,
        "editora": 3,
        "capa": null,
        "autores": [
            2
        ]
    }
},
{
    "model": "core.livro",
    "pk": 5,
    "fields": {
        "titulo": "O Hobbit",
        "isbn": null,
        "quantidade": 4,
        "preco": "45.00",
        "categoria": 2,
        "editora": 3,
        "capa": null,
        "autores": [
            2
        ]
    }
},
{
    "model": "core.livro",
    "pk": 6,
    "fields": {
        "titulo": "Os crimes do ABC",
        "isbn": null,
        "quantidade": 6,
        "preco": "67.00",
        "categoria": 3,
        "editora": 4,
        "capa": null,
        "autores": [
            4
        ]
    }
},
{
    "model": "core.livro",
    "pk": 7,
    "fields": {
        "titulo": "Sagarana",
        "isbn": null,
        "quantidade": 30,
        "preco": "56.99",
        "categoria": 7,
        "editora": 5,
        "capa": null,
        "autores": [
            6
        ]
    }
},
{
    "model": "core.livro",
    "pk": 8,
    "fields": {
        "titulo": "Percy Jackson e o Ladrão de Raios",
        "isbn": "978-8580575392",
        "quantidade": 35,
        "preco": "45.00",
        "categoria": 6,
        "editora": 7,
        "capa": 9,
        "autores": [
            5
        ]
    }
},
{
    "model": "core.livro",
    "pk": 9,
    "fields": {
        "titulo": "O Jogador",
        "isbn": null,
        "quantidade": 12,
        "preco": "36.99",
        "categoria": 8,
        "editora": 3,
        "capa": null,
        "autores": [
            8
        ]
    }
},
{
    "model": "core.livro",
    "pk": 10,
    "fields": {
        "titulo": "Fogo & Sangue – Volume 1",
        "isbn": "8556510760",
        "quantidade": 1,
        "preco": "49.98",
        "categoria": 2,
        "editora": 6,
        "capa": 1,
        "autores": [
            7
        ]
    }
},
{
    "model": "core.livro",
    "pk": 11,
    "fields": {
        "titulo": "Percy Jackson e o Mar de Monstros",
        "isbn": "978-8580575408",
        "quantidade": 23,
        "preco": "45.00",
        "categoria": 6,
        "editora": 7,
        "capa": 10,
        "autores": [
            5
        ]
    }
},
{
    "model": "core.livro",
    "pk": 12,
    "fields": {
        "titulo": "O Retrato de Dorian Gray",
        "isbn": null,
        "quantidade": 36,
        "preco": "52.00",
        "categoria": 9,
        "editora": 4,
        "capa": null,
        "autores": [
            9
        ]
    }
},
{
    "model": "core.livro",
    "pk": 13,
    "fields": {
        "titulo": "Percy Jackson e a Maldição do Titã",
        "isbn": "978-8580575415",
        "quantidade": 18,
        "preco": "37.00",
        "categoria": 6,
        "editora": 7,
        "capa": 11,
        "autores": [
            5
        ]
    }
},
{
    "model": "core.livro",
    "pk": 14,
    "fields": {
        "titulo": "Anseios",
        "isbn": null,
        "quantidade": 22,
        "preco": "62.99",
        "categoria": 10,
        "editora": 8,
        "capa": null,
        "autores": [
            10
        ]
    }
},
{
    "model": "core.livro",
    "pk": 15,
    "fields": {
        "titulo": "A Maldição do Tigre",
        "isbn": "8580410266",
        "quantidade": 1,
        "preco": "31.25",
        "categoria": 2,
        "editora": 9,
        "capa": null,
        "autores": [
            11
        ]
    }
},
{
    "model": "core.livro",
    "pk": 16,
    "fields": {
        "titulo": "O Silmarillion",
        "isbn": "8595084378",
        "quantidade": 1,
        "preco": "38.97",
        "categoria": 2,
        "editora": 10,
        "capa": 1,
        "autores": [
            2
        ]
    }
},
{
    "model": "core.livro",
    "pk": 17,
    "fields": {
        "titulo": "Androides sonham com ovelhas elétricas?",
        "isbn": null,
        "quantidade": 41,
        "preco": "39.99",
        "categoria": 11,
        "editora": 5,
        "capa": null,
        "autores": [
            12
        ]
    }
},
{
    "model": "core.livro",
    "pk": 18,
    "fields": {
        "titulo": "Os filhos de Húrin",
        "isbn": "8595085692",
        "quantidade": 1,
        "preco": "46.66",
        "categoria": 2,
        "editora": 10,
        "capa": 1,
        "autores": [
            2
        ]
    }
},
{
    "model": "core.livro",
    "pk": 19,
    "fields": {
        "titulo": "Percy Jackson e a batalha do labirinto",
        "isbn": "978-8580575422",
        "quantidade": 10,
        "preco": "38.00",
        "categoria": 6,
        "editora": 7,
        "capa": 13,
        "autores": [
            5
        ]
    }
},
{
    "model": "core.livro",
    "pk": 20,
    "fields": {
        "titulo": "Percy Jackson e o Ultimo Olimpiano",
        "isbn": "978-8580575439",
        "quantidade": 15,
        "preco": "30.00",
        "categoria": 6,
        "editora": 7,
        "capa": 15,
        "autores": [
            5
        ]
    }
},
{
    "model": "core.livro",
    "pk": 21,
    "fields": {
        "titulo": "Superman: Homem e Superman",
        "isbn": "978-6559601141",
        "quantidade": 33,
        "preco": "59.40",
        "categoria": 12,
        "editora": 11,
        "capa": 2,
        "autores": [
            13
        ]
    }
},
{
    "model": "core.livro",
    "pk": 22,
    "fields": {
        "titulo": "Assassin's Creed: Renascença",
        "isbn": "978-8501091338",
        "quantidade": 20,
        "preco": "29.00",
        "categoria": 13,
        "editora": 2,
        "capa": null,
        "autores": [
            14
        ]
    }
},
{
    "model": "core.livro",
    "pk": 23,
    "fields": {
        "titulo": "Assassin's Creed: Irmandade: 2",
        "isbn": "978-8501095749",
        "quantidade": 16,
        "preco": "45.00",
        "categoria": 13,
        "editora": 2,
        "capa": null,
        "autores": [
            14
        ]
    }
},
{
    "model": "core.livro",
    "pk": 24,
    "fields": {
        "titulo": "Assassin’s Creed: A cruzada secreta",
        "isbn": "978-8501098344",
        "quantidade": 28,
        "preco": "21.00",
        "categoria": 13,
        "editora": 2,
        "capa": null,
        "autores": [
            14
        ]
    }
},
{
    "model": "core.livro",
    "pk": 25,
    "fields": {
        "titulo": "Superman: O Último Filho: DC Deluxe",
        "isbn": "978-6559820061",
        "quantidade": 42,
        "preco": "80.59",
        "categoria": 12,
        "editora": 11,
        "capa": 3,
        "autores": [
            15,
            16,
            17
        ]
    }
},
{
    "model": "core.livro",
    "pk": 26,
    "fields": {
        "titulo": "Superman - Pelo Amanha: Capa Dura",
        "isbn": "978-8573514209",
        "quantidade": 54,
        "preco": "89.00",
        "categoria": 12,
        "editora": 11,
        "capa": 4,
        "autores": [
            18,
            19
        ]
    }
},
{
    "model": "core.livro",
    "pk": 27,
    "fields": {
        "titulo": "Assassin´s Creed: Revelações",
        "isbn": null,
        "quantidade": 43,
        "preco": "60.00",
        "categoria": 13,
        "editora": 2,
        "capa": null,
        "autores": [
            14
        ]
    }
},
{
    "model": "core.livro",
    "pk": 28,
    "fields": {
        "titulo": "Assassin´s Creed: Renegado",
        "isbn": null,
        "quantidade": 31,
        "preco": "29.00",
        "categoria": 13,
        "editora": 7,
        "capa": null,
        "autores": [
            14
        ]
    }
},
{
    "model": "core.livro",
    "pk": 29,
    "fields": {
        "titulo": "Assassin´s Creed: Bandeira Negra",
        "isbn": null,
        "quantidade": 1,
        "preco": "38.00",
        "categoria": 13,
        "editora": 2,
        "capa": null,
        "autores": [
            14
        ]
    }
},
{
    "model": "core.livro",
    "pk": 30,
    "fields": {
        "titulo": "Superman: Entre a Foice e o Martelo",
        "isbn": "978-8583682370",
        "quantidade": 76,
        "preco": "55.78",
        "categoria": 12,
        "editora": 11,
        "capa": 5,
        "autores": [
            20,
            21,
            22
        ]
    }
},
{
    "model": "core.livro",
    "pk": 31,
    "fields": {
        "titulo": "Assassin's Creed: Unity",
        "isbn": null,
        "quantidade": 33,
        "preco": "35.00",
        "categoria": 13,
        "editora": 2,
        "capa": null,
        "autores": [
            14
        ]
    }
},
{
    "model": "core.livro",
    "pk": 32,
    "fields": {
        "titulo": "Gossip Girl: você sabe que me ama",
        "isbn": null,
        "quantidade": 15,
        "preco": "29.99",
        "categoria": 14,
        "editora": 2,
        "capa": null,
        "autores": [
            23
        ]
    }
},
{
    "model": "core.livro",
    "pk": 33,
    "fields": {
        "titulo": "Diário de um Banana",
        "isbn": null,
        "quantidade": 1,
        "preco": "30.00",
        "categoria": 14,
        "editora": 12,
        "capa": null,
        "autores": [
            24
        ]
    }
},
{
    "model": "core.livro",
    "pk": 34,
    "fields": {
        "titulo": "A Queda de Gondolin",
        "isbn": "978-8595083653",
        "quantidade": 28,
        "preco": "44.90",
        "categoria": 2,
        "editora": 10,
        "capa": 6,
        "autores": [
            2
        ]
    }
},
{
    "model": "core.livro",
    "pk": 35,
    "fields": {
        "titulo": "Superman: Para O Alto E Avante",
        "isbn": "978-6555121575",
        "quantidade": 68,
        "preco": "49.53",
        "categoria": 12,
        "editora": 11,
        "capa": 7,
        "autores": [
            25,
            26,
            28,
            30
        ]
    }
},
{
    "model": "core.livro",
    "pk": 36,
    "fields": {
        "titulo": "Beren e Lúthien",
        "isbn": "978-8595083660",
        "quantidade": 57,
        "preco": "41.88",
        "categoria": 13,
        "editora": 10,
        "capa": 8,
        "autores": [
            2
        ]
    }
},
{
    "model": "core.livro",
    "pk": 37,
    "fields": {
        "titulo": "O Ultimo Reino",
        "isbn": null,
        "quantidade": 30,
        "preco": "37.79",
        "categoria": 15,
        "editora": 2,
        "capa": null,
        "autores": [
            27
        ]
    }
},
{
    "model": "core.livro",
    "pk": 38,
    "fields": {
        "titulo": "O Cavaleiro da Morte",
        "isbn": null,
        "quantidade": 1,
        "preco": "33.83",
        "categoria": 15,
        "editora": 2,
        "capa": null,
        "autores": [
            27
        ]
    }
},
{
    "model": "core.livro",
    "pk": 39,
    "fields": {
        "titulo": "Petrus Logus - O Guardião do Tempo",
        "isbn": null,
        "quantidade": 1,
        "preco": "34.10",
        "categoria": 2,
        "editora": 13,
        "capa": null,
        "autores": [
            29
        ]
    }
},
{
    "model": "core.livro",
    "pk": 40,
    "fields": {
        "titulo": "Os Senhores do Norte",
        "isbn": null,
        "quantidade": 100,
        "preco": "36.40",
        "categoria": 15,
        "editora": 2,
        "capa": null,
        "autores": [
            27
        ]
    }
},
{
    "model": "core.livro",
    "pk": 41,
    "fields": {
        "titulo": "Algoritmos E Lógica Da Programação",
        "isbn": "978-8522128143",
        "quantidade": 16,
        "preco": "40.00",
        "categoria": 16,
        "editora": 14,
        "capa": null,
        "autores": [
            31
        ]
    }
},
{
    "model": "core.livro",
    "pk": 42,
    "fields": {
        "titulo": "O rei do inverno (Vol. 1 As Crônicas de Artur)",
        "isbn": null,
        "quantidade": 30,
        "preco": "32.45",
        "categoria": 15,
        "editora": 2,
        "capa": null,
        "autores": [
            27
        ]
    }
},
{
    "model": "core.livro",
    "pk": 43,
    "fields": {
        "titulo": "O inimigo de Deus (Vol. 2 As Crônicas de Artur)",
        "isbn": null,
        "quantidade": 20,
        "preco": "40.41",
        "categoria": 15,
        "editora": 2,
        "capa": null,
        "autores": [
            27
        ]
    }
},
{
    "model": "core.livro",
    "pk": 44,
    "fields": {
        "titulo": "Excalibur (Vol. 3 As Crônicas de Artur)",
        "isbn": null,
        "quantidade": 53,
        "preco": "37.89",
        "categoria": 15,
        "editora": 2,
        "capa": null,
        "autores": [
            27
        ]
    }
},
{
    "model": "core.livro",
    "pk": 45,
    "fields": {
        "titulo": "Turma da Mônica - Vamos aprender o alfabeto",
        "isbn": "978-8538076209",
        "quantidade": 94,
        "preco": "2.50",
        "categoria": 17,
        "editora": 15,
        "capa": 12,
        "autores": [
            32
        ]
    }
},
{
    "model": "core.livro",
    "pk": 46,
    "fields": {
        "titulo": "Blade Runner: Androides sonham com ovelhas elétricas?",
        "isbn": null,
        "quantidade": 500,
        "preco": "28.95",
        "categoria": 11,
        "editora": 16,
        "capa": null,
        "autores": [
            33
        ]
    }
},
{
    "model": "core.livro",
    "pk": 47,
    "fields": {
        "titulo": "O guia definitivo do mochileiro das galáxias",
        "isbn": null,
        "quantidade": 42,
        "preco": "60.90",
        "categoria": 11,
        "editora": 17,
        "capa": null,
        "autores": [
            34
        ]
    }
},
{
    "model": "core.livro",
    "pk": 48,
    "fields": {
        "titulo": "Turma da Mônica - Cuidados do dia a dia",
        "isbn": "978-8538068938",
        "quantidade": 37,
        "preco": "2.00",
        "categoria": 17,
        "editora": 15,
        "capa": 14,
        "autores": [
            32
        ]
    }
},
{
    "model": "core.livro",
    "pk": 49,
    "fields": {
        "titulo": "Turma da Mônica - Vamos aprender os traços",
        "isbn": "978-8538076223",
        "quantidade": 79,
        "preco": "2.60",
        "categoria": 17,
        "editora": 15,
        "capa": 16,
        "autores": [
            32
        ]
    }
},
{
    "model": "core.livro",
    "pk": 50,
    "fields": {
        "titulo": "As aventuras de Pedro",
        "isbn": "8497653124",
        "quantidade": 1,
        "preco": "89.99",
        "categoria": 2,
        "editora": 8,
        "capa": 1,
        "autores": [
            9
        ]
    }
},
{
    "model": "core.livro",
    "pk": 51,
    "fields": {
        "titulo": "Introdução à Linguagem SQL: Abordagem Prática Para Iniciantes",
        "isbn": "8575225014",
        "quantidade": 9,
        "preco": "43.00",
        "categoria": 18,
        "editora": 18,
        "capa": null,
        "autores": [
            36
        ]
    }
},
{
    "model": "core.livro",
    "pk": 52,
    "fields": {
        "titulo": "1984",
        "isbn": "9780151660346",
        "quantidade": 19,
        "preco": "180.00",
        "categoria": 19,
        "editora": 7,
        "capa": null,
        "autores": [
            37
        ]
    }
},
{
    "model": "core.livro",
    "pk": 53,
    "fields": {
        "titulo": "Viagem ao mar",
        "isbn": "798421359",
        "quantidade": 1,
        "preco": "199.45",
        "categoria": 11,
        "editora": 8,
        "capa": 15,
        "autores": [
            3
        ]
    }
},
{
    "model": "core.livro",
    "pk": 54,
    "fields": {
        "titulo": "A Forma da Água",
        "isbn": null,
        "quantidade": 1,
        "preco": "22.45",
        "categoria": 2,
        "editora": 7,
        "capa": null,
        "autores": [
            38
        ]
    }
},
{
    "model": "core.livro",
    "pk": 55,
    "fields": {
        "titulo": "A Queda da Casa de Usher",
        "isbn": "8582770480",
        "quantidade": 117,
        "preco": "33.00",
        "categoria": 7,
        "editora": 19,
        "capa": null,
        "autores": [
            39
        ]
    }
},
{
    "model": "core.livro",
    "pk": 56,
    "fields": {
        "titulo": "Fazendo meu filme 1: A estreia de Fani",
        "isbn": "8589239845",
        "quantidade": 10,
        "preco": "35.00",
        "categoria": 14,
        "editora": 20,
        "capa": null,
        "autores": [
            35
        ]
    }
},
{
    "model": "core.livro",
    "pk": 57,
    "fields": {
        "titulo": "Revolução dos Bichos",
        "isbn": "8535909559",
        "quantidade": 58,
        "preco": "15.99",
        "categoria": 19,
        "editora": 5,
        "capa": null,
        "autores": [
            37
        ]
    }
},
{
    "model": "core.livro",
    "pk": 58,
    "fields": {
        "titulo": "Python e R para o Cientista de Dados Moderno",
        "isbn": "978-65-86057-95-9",
        "quantidade": 5,
        "preco": "79.00",
        "categoria": 20,
        "editora": 18,
        "capa": null,
        "autores": [
            40
        ]
    }
},
{
    "model": "core.livro",
    "pk": 59,
    "fields": {
        "titulo": "Dr Sócrates o ídolo Corinthiano",
        "isbn": "7645123482",
        "quantidade": 1,
        "preco": "300.00",
        "categoria": 21,
        "editora": 13,
        "capa": 15,
        "autores": [
            39
        ]
    }
},
{
    "model": "core.livro",
    "pk": 60,
    "fields": {
        "titulo": "A Mascara Da Morte Vermelha",
        "isbn": "8506066093",
        "quantidade": 16,
        "preco": "51.00",
        "categoria": 7,
        "editora": 21,
        "capa": null,
        "autores": [
            39
        ]
    }
},
{
    "model": "core.livro",
    "pk": 61,
    "fields": {
        "titulo": "SQL para Análise de Dados",
        "isbn": "978-65-86057-75-1",
        "quantidade": 3,
        "preco": "109.00",
        "categoria": 18,
        "editora": 18,
        "capa": null,
        "autores": [
            41
        ]
    }
},
{
    "model": "core.livro",
    "pk": 62,
    "fields": {
        "titulo": "Cristianismo Puro e Simples",
        "isbn": "8578601777",
        "quantidade": 5,
        "preco": "25.00",
        "categoria": 22,
        "editora": 22,
        "capa": null,
        "autores": [
            3
        ]
    }
},
{
    "model": "core.livro",
    "pk": 63,
    "fields": {
        "titulo": "Divergente",
        "isbn": null,
        "quantidade": 4,
        "preco": "25.00",
        "categoria": 19,
        "editora": 23,
        "capa": null,
        "autores": [
            42
        ]
    }
},
{
    "model": "core.livro",
    "pk": 64,
    "fields": {
        "titulo": "Lógica de Programação e Algoritmos com JavaScript - 2ª Edição",
        "isbn": "978-65-86057-90-4",
        "quantidade": 7,
        "preco": "85.00",
        "categoria": 4,
        "editora": 18,
        "capa": null,
        "autores": [
            44
        ]
    }
},
{
    "model": "core.livro",
    "pk": 65,
    "fields": {
        "titulo": "Fascismo e Democracia",
        "isbn": "B08QN8RLGS",
        "quantidade": 68,
        "preco": "23.90",
        "categoria": 10,
        "editora": 24,
        "capa": null,
        "autores": [
            37
        ]
    }
},
{
    "model": "core.livro",
    "pk": 66,
    "fields": {
        "titulo": "O Gato Preto",
        "isbn": "850606144X",
        "quantidade": 47,
        "preco": "51.00",
        "categoria": 7,
        "editora": 21,
        "capa": null,
        "autores": [
            39
        ]
    }
},
{
    "model": "core.livro",
    "pk": 67,
    "fields": {
        "titulo": "A Ilha Misteriosa",
        "isbn": "7946815456",
        "quantidade": 1,
        "preco": "60.00",
        "categoria": 6,
        "editora": 11,
        "capa": 11,
        "autores": [
            6
        ]
    }
},
{
    "model": "core.livro",
    "pk": 68,
    "fields": {
        "titulo": "Cartas de um diabo a seu aprendiz",
        "isbn": "857860184X",
        "quantidade": 13,
        "preco": "23.87",
        "categoria": 22,
        "editora": 22,
        "capa": null,
        "autores": [
            3
        ]
    }
},
{
    "model": "core.livro",
    "pk": 69,
    "fields": {
        "titulo": "Insurgente",
        "isbn": null,
        "quantidade": 1,
        "preco": "28.07",
        "categoria": 19,
        "editora": 23,
        "capa": null,
        "autores": [
            42
        ]
    }
},
{
    "model": "core.livro",
    "pk": 70,
    "fields": {
        "titulo": "Linux Eficiente na Linha de Comando",
        "isbn": "978-65-86057-97-3",
        "quantidade": 12,
        "preco": "87.00",
        "categoria": 23,
        "editora": 18,
        "capa": null,
        "autores": [
            45
        ]
    }
},
{
    "model": "core.livro",
    "pk": 71,
    "fields": {
        "titulo": "A abolição do homem",
        "isbn": "978-8578601898",
        "quantidade": 15,
        "preco": "29.00",
        "categoria": 22,
        "editora": 22,
        "capa": null,
        "autores": [
            3
        ]
    }
},
{
    "model": "core.livro",
    "pk": 72,
    "fields": {
        "titulo": "Convergente",
        "isbn": null,
        "quantidade": 1,
        "preco": "24.51",
        "categoria": 19,
        "editora": 23,
        "capa": null,
        "autores": [
            42
        ]
    }
},
{
    "model": "core.livro",
    "pk": 73,
    "fields": {
        "titulo": "Os Quatro Amores",
        "isbn": "978-8578601959",
        "quantidade": 22,
        "preco": "33.00",
        "categoria": 22,
        "editora": 22,
        "capa": null,
        "autores": [
            3
        ]
    }
},
{
    "model": "core.livro",
    "pk": 74,
    "fields": {
        "titulo": "A metamorfose",
        "isbn": "8542217187",
        "quantidade": 24,
        "preco": "25.90",
        "categoria": 13,
        "editora": 25,
        "capa": null,
        "autores": [
            47
        ]
    }
},
{
    "model": "core.livro",
    "pk": 75,
    "fields": {
        "titulo": "O Peso da Glória",
        "isbn": "978-8578600655",
        "quantidade": 13,
        "preco": "20.00",
        "categoria": 22,
        "editora": 22,
        "capa": null,
        "autores": [
            3
        ]
    }
},
{
    "model": "core.livro",
    "pk": 76,
    "fields": {
        "titulo": "Cabeça fria, Coração quente",
        "isbn": "7985641231",
        "quantidade": 1,
        "preco": "65.00",
        "categoria": 21,
        "editora": 11,
        "capa": 1,
        "autores": [
            46
        ]
    }
},
{
    "model": "core.livro",
    "pk": 77,
    "fields": {
        "titulo": "O Ceifador",
        "isbn": "978-8555340352",
        "quantidade": 1,
        "preco": "33.50",
        "categoria": 2,
        "editora": 26,
        "capa": null,
        "autores": [
            48
        ]
    }
},
{
    "model": "core.livro",
    "pk": 78,
    "fields": {
        "titulo": "O Corvo",
        "isbn": "978-8535931686",
        "quantidade": 13,
        "preco": "52.90",
        "categoria": 7,
        "editora": 5,
        "capa": null,
        "autores": [
            39
        ]
    }
},
{
    "model": "core.livro",
    "pk": 79,
    "fields": {
        "titulo": "A Nuvem",
        "isbn": "978-8555340543",
        "quantidade": 1,
        "preco": "32.19",
        "categoria": 2,
        "editora": 26,
        "capa": null,
        "autores": [
            48
        ]
    }
},
{
    "model": "core.livro",
    "pk": 80,
    "fields": {
        "titulo": "A Garota do Lago",
        "isbn": null,
        "quantidade": 2,
        "preco": "29.41",
        "categoria": 14,
        "editora": 27,
        "capa": null,
        "autores": [
            49
        ]
    }
},
{
    "model": "core.livro",
    "pk": 81,
    "fields": {
        "titulo": "O Timbre",
        "isbn": "978-8555341052",
        "quantidade": 1,
        "preco": "44.88",
        "categoria": 2,
        "editora": 26,
        "capa": null,
        "autores": [
            48
        ]
    }
},
{
    "model": "core.livro",
    "pk": 82,
    "fields": {
        "titulo": "A marca da vitória: A autobiografia do criador da Nike",
        "isbn": "8543104467",
        "quantidade": 10,
        "preco": "30.00",
        "categoria": 21,
        "editora": 28,
        "capa": 1,
        "autores": [
            53
        ]
    }
},
{
    "model": "core.livro",
    "pk": 83,
    "fields": {
        "titulo": "Admirável mundo novo",
        "isbn": "8525056006",
        "quantidade": 15,
        "preco": "28.78",
        "categoria": 19,
        "editora": 30,
        "capa": null,
        "autores": [
            52
        ]
    }
},
{
    "model": "core.livro",
    "pk": 84,
    "fields": {
        "titulo": "Gleanings: Stories from the Arc of a Scythe",
        "isbn": "978-1534499973",
        "quantidade": 1,
        "preco": "112.84",
        "categoria": 2,
        "editora": 26,
        "capa": null,
        "autores": [
            48
        ]
    }
},
{
    "model": "core.livro",
    "pk": 85,
    "fields": {
        "titulo": "Medo Clássico Volume 2",
        "isbn": "978-6555981391",
        "quantidade": 26,
        "preco": "69.90",
        "categoria": 8,
        "editora": 29,
        "capa": null,
        "autores": [
            51
        ]
    }
},
{
    "model": "core.livro",
    "pk": 86,
    "fields": {
        "titulo": "A Anatomia de um Luto",
        "isbn": "978-6556892221",
        "quantidade": 14,
        "preco": "25.80",
        "categoria": 22,
        "editora": 22,
        "capa": null,
        "autores": [
            3
        ]
    }
},
{
    "model": "core.livro",
    "pk": 87,
    "fields": {
        "titulo": "H.P. Lovecraft - Medo Clássico - Vol. 1",
        "isbn": "978-8594540799",
        "quantidade": 12,
        "preco": "69.90",
        "categoria": 8,
        "editora": 29,
        "capa": null,
        "autores": [
            51
        ]
    }
},
{
    "model": "core.livro",
    "pk": 88,
    "fields": {
        "titulo": "Dedique-se de coração: A história de como a Starbucks se tornou uma grande empresa de xícara em xícara",
        "isbn": "6580435194",
        "quantidade": 21,
        "preco": "40.00",
        "categoria": 21,
        "editora": 31,
        "capa": 1,
        "autores": [
            54
        ]
    }
},
{
    "model": "core.livro",
    "pk": 89,
    "fields": {
        "titulo": "O pequeno príncipe",
        "isbn": null,
        "quantidade": 8,
        "preco": "17.39",
        "categoria": 24,
        "editora": 32,
        "capa": null,
        "autores": [
            55
        ]
    }
},
{
    "model": "core.livro",
    "pk": 90,
    "fields": {
        "titulo": "Deus no Banco dos Réus",
        "isbn": "978-8578607579",
        "quantidade": 13,
        "preco": "32.90",
        "categoria": 22,
        "editora": 22,
        "capa": null,
        "autores": [
            3
        ]
    }
},
{
    "model": "core.livro",
    "pk": 91,
    "fields": {
        "titulo": "O Homem do Castelo Alto",
        "isbn": "8576574411",
        "quantidade": 21,
        "preco": "32.21",
        "categoria": 19,
        "editora": 16,
        "capa": null,
        "autores": [
            33
        ]
    }
},
{
    "model": "core.livro",
    "pk": 92,
    "fields": {
        "titulo": "Medo Clássico: Sinta o medo clássico",
        "isbn": "978-8594540249",
        "quantidade": 11,
        "preco": "74.90",
        "categoria": 8,
        "editora": 29,
        "capa": null,
        "autores": [
            39
        ]
    }
},
{
    "model": "core.livro",
    "pk": 93,
    "fields": {
        "titulo": "O darksider original mais vivo do que nunca",
        "isbn": "978-8594541208",
        "quantidade": 16,
        "preco": "69.90",
        "categoria": 8,
        "editora": 29,
        "capa": null,
        "autores": [
            39
        ]
    }
},
{
    "model": "core.livro",
    "pk": 94,
    "fields": {
        "titulo": "Meditações",
        "isbn": "8552100916",
        "quantidade": 12,
        "preco": "25.00",
        "categoria": 21,
        "editora": 33,
        "capa": 1,
        "autores": [
            56
        ]
    }
},
{
    "model": "core.livro",
    "pk": 95,
    "fields": {
        "titulo": "Game Changer",
        "isbn": "978-0061998676",
        "quantidade": 1,
        "preco": "112.84",
        "categoria": 2,
        "editora": 35,
        "capa": null,
        "autores": [
            48
        ]
    }
},
{
    "model": "core.livro",
    "pk": 96,
    "fields": {
        "titulo": "Senhor das Moscas",
        "isbn": "8556521223",
        "quantidade": 35,
        "preco": "30.00",
        "categoria": 19,
        "editora": 36,
        "capa": null,
        "autores": [
            58
        ]
    }
},
{
    "model": "core.livro",
    "pk": 97,
    "fields": {
        "titulo": "Laranja Mecânica",
        "isbn": "8576574462",
        "quantidade": 12,
        "preco": "31.00",
        "categoria": 11,
        "editora": 16,
        "capa": null,
        "autores": [
            59
        ]
    }
},
{
    "model": "core.livro",
    "pk": 98,
    "fields": {
        "titulo": "O capital",
        "isbn": "8563137271",
        "quantidade": 16,
        "preco": "29.90",
        "categoria": 10,
        "editora": 37,
        "capa": null,
        "autores": [
            60
        ]
    }
},
{
    "model": "core.livro",
    "pk": 99,
    "fields": {
        "titulo": "O milagre da manhã",
        "isbn": null,
        "quantidade": 1,
        "preco": "39.30",
        "categoria": 25,
        "editora": 34,
        "capa": null,
        "autores": [
            57
        ]
    }
},
{
    "model": "core.usuario",
    "pk": 1,
    "fields": {
        "password": "pbkdf2_sha256$390000$ho8E4gMoGI5ZLcdzrNbDrx$Sv5olhGNiaf5DQZyIObHVulv0C4hzuLKYSDB38QvXVY=",
        "last_login": "2022-10-04T18:57:31.020Z",
        "is_superuser": true,
        "username": "marco",
        "first_name": "",
        "last_name": "",
        "email": "",
        "is_staff": true,
        "is_active": true,
        "date_joined": "2022-09-15T17:47:34.939Z",
        "cpf": "",
        "telefone": null,
        "data_nascimento": null,
        "groups": [],
        "user_permissions": []
    }
},
{
    "model": "core.usuario",
    "pk": 3,
    "fields": {
        "password": "pbkdf2_sha256$390000$i9mQUcKQUFk7OyWvVFzjX1$tU3QU+cj90RBk6zoanKyfmG0bhwdpNdH4AaTqOBADmY=",
        "last_login": null,
        "is_superuser": false,
        "username": "joaquim",
        "first_name": "",
        "last_name": "",
        "email": "",
        "is_staff": false,
        "is_active": true,
        "date_joined": "2022-09-15T17:53:22.191Z",
        "cpf": null,
        "telefone": null,
        "data_nascimento": null,
        "groups": [],
        "user_permissions": []
    }
}
]
